{
  "0": {
    "precision": 0.9897273804820229,
    "recall": 0.981967855742846,
    "f1-score": 0.9858323494687131,
    "support": 5102.0
  },
  "1": {
    "precision": 0.9721127614428615,
    "recall": 0.9840441853329243,
    "f1-score": 0.9780420860018298,
    "support": 3259.0
  },
  "accuracy": 0.9827771797631862,
  "macro avg": {
    "precision": 0.9809200709624422,
    "recall": 0.9830060205378851,
    "f1-score": 0.9819372177352714,
    "support": 8361.0
  },
  "weighted avg": {
    "precision": 0.9828614501568672,
    "recall": 0.9827771797631862,
    "f1-score": 0.9827958145280873,
    "support": 8361.0
  }
}