{
  "earn money": 0.1946510672569275,
  "earn": 0.13060562312602997,
  "dd": 0.032814834266901016,
  "process provide": 0.029035145416855812,
  "email": 0.020996615290641785,
  "flexible": 0.017811475321650505,
  "datum entry": 0.017315324395895004,
  "oil energy": 0.013405744917690754,
  "establish": 0.011716253124177456,
  "immediate": 0.011281954124569893,
  "link url": 0.010200081393122673,
  "duty": 0.009744681417942047,
  "contact": 0.009367735125124454,
  "tx houston": 0.008881347253918648,
  "pay": 0.008174628019332886,
  "income": 0.007580508012324572,
  "phone": 0.006495142355561256,
  "oil gas": 0.006095356773585081,
  "system": 0.006058704573661089,
  "leverage career": 0.00582317728549242,
  "candidate encourage": 0.00479107117280364,
  "web": 0.004744941368699074,
  "excel": 0.004664252046495676,
  "pair": 0.004614981822669506,
  "email money": 0.004471544176340103,
  "school diploma": 0.004429212771356106,
  "administrative": 0.004388029221445322,
  "team": 0.004267429932951927,
  "grow": 0.0042421272955834866,
  "time tx": 0.0037708207964897156,
  "found": 0.003708842908963561,
  "contribution": 0.0035466905683279037,
  "secure": 0.0035169562324881554,
  "control": 0.003512740135192871,
  "high school": 0.003468320704996586,
  "user": 0.0034445736091583967,
  "join": 0.003300705924630165,
  "help company": 0.003184718545526266,
  "love": 0.0031803608871996403,
  "call": 0.0031185841653496027,
  "startup": 0.0030664708465337753,
  "non": 0.003061379538848996,
  "digital": 0.003045131452381611,
  "fun": 0.00304433680139482,
  "work home": 0.0029798110481351614,
  "plan include": 0.002957369666546583,
  "medium": 0.0029429595451802015,
  "live": 0.0027679719496518373,
  "essential": 0.0027165482752025127,
  "skill": 0.0026870218571275473
}